id,club_id,name,date,time,description,expected_attendance
1,11,Community Outreach with Amateur,2022-10-19,10:30,A great opportunity for students to engage with Amateur Radio Society.,11
2,11,Hackathon with Amateur,2022-12-21,10:00,A great opportunity for students to engage with Amateur Radio Society.,6
3,11,Speaker Night with Amateur,2023-07-28,16:30,A great opportunity for students to engage with Amateur Radio Society.,20
4,11,Fundraiser with Amateur,2024-04-05,10:30,A great opportunity for students to engage with Amateur Radio Society.,9
5,11,Community Outreach with Amateur,2026-04-14,10:00,A great opportunity for students to engage with Amateur Radio Society.,27
6,12,Guest Lecture with Association,2022-02-08,12:30,A great opportunity for students to engage with Association for Medical Laboratory Technicians (AMLT).,26
7,12,Hackathon with Association,2022-08-10,10:30,A great opportunity for students to engage with Association for Medical Laboratory Technicians (AMLT).,20
8,12,Fundraiser with Association,2023-07-05,10:30,A great opportunity for students to engage with Association for Medical Laboratory Technicians (AMLT).,32
9,12,Social with Association,2023-08-05,16:30,A great opportunity for students to engage with Association for Medical Laboratory Technicians (AMLT).,6
10,12,Game Night with Association,2023-08-16,17:30,A great opportunity for students to engage with Association for Medical Laboratory Technicians (AMLT).,25
11,12,Community Outreach with Association,2023-09-11,17:00,A great opportunity for students to engage with Association for Medical Laboratory Technicians (AMLT).,13
12,12,Fundraiser with Association,2023-11-26,16:30,A great opportunity for students to engage with Association for Medical Laboratory Technicians (AMLT).,10
13,12,Workshop with Association,2024-01-07,18:00,A great opportunity for students to engage with Association for Medical Laboratory Technicians (AMLT).,28
14,12,Meet & Greet with Association,2024-04-27,12:00,A great opportunity for students to engage with Association for Medical Laboratory Technicians (AMLT).,4
15,12,Fundraiser with Association,2024-05-30,14:00,A great opportunity for students to engage with Association for Medical Laboratory Technicians (AMLT).,22
16,12,Fundraiser with Association,2024-10-26,15:30,A great opportunity for students to engage with Association for Medical Laboratory Technicians (AMLT).,18
17,12,Speaker Night with Association,2024-10-29,10:30,A great opportunity for students to engage with Association for Medical Laboratory Technicians (AMLT).,12
18,12,Game Night with Association,2024-12-23,15:30,A great opportunity for students to engage with Association for Medical Laboratory Technicians (AMLT).,17
19,12,Speaker Night with Association,2025-02-01,10:30,A great opportunity for students to engage with Association for Medical Laboratory Technicians (AMLT).,8
20,12,Study Session with Association,2025-04-11,10:00,A great opportunity for students to engage with Association for Medical Laboratory Technicians (AMLT).,6
21,12,Study Session with Association,2025-04-28,12:30,A great opportunity for students to engage with Association for Medical Laboratory Technicians (AMLT).,14
22,12,Community Outreach with Association,2025-05-22,10:00,A great opportunity for students to engage with Association for Medical Laboratory Technicians (AMLT).,29
23,12,Meet & Greet with Association,2026-06-18,15:00,A great opportunity for students to engage with Association for Medical Laboratory Technicians (AMLT).,30
24,13,Hackathon with Beta,2022-06-03,11:30,A great opportunity for students to engage with Beta Beta Beta (Tri Beta) Biological Honor Society.,27
25,13,Guest Lecture with Beta,2022-10-08,10:30,A great opportunity for students to engage with Beta Beta Beta (Tri Beta) Biological Honor Society.,14
26,13,Game Night with Beta,2022-10-22,18:30,A great opportunity for students to engage with Beta Beta Beta (Tri Beta) Biological Honor Society.,28
27,13,Guest Lecture with Beta,2023-01-13,17:30,A great opportunity for students to engage with Beta Beta Beta (Tri Beta) Biological Honor Society.,17
28,13,Fundraiser with Beta,2023-03-15,14:00,A great opportunity for students to engage with Beta Beta Beta (Tri Beta) Biological Honor Society.,7
29,13,Study Session with Beta,2023-03-18,10:30,A great opportunity for students to engage with Beta Beta Beta (Tri Beta) Biological Honor Society.,14
30,13,Speaker Night with Beta,2023-09-24,18:30,A great opportunity for students to engage with Beta Beta Beta (Tri Beta) Biological Honor Society.,8
31,13,Fundraiser with Beta,2023-12-29,13:00,A great opportunity for students to engage with Beta Beta Beta (Tri Beta) Biological Honor Society.,10
32,13,Workshop with Beta,2024-07-13,15:00,A great opportunity for students to engage with Beta Beta Beta (Tri Beta) Biological Honor Society.,20
33,13,Social with Beta,2024-09-20,14:00,A great opportunity for students to engage with Beta Beta Beta (Tri Beta) Biological Honor Society.,22
34,13,Game Night with Beta,2025-01-10,11:00,A great opportunity for students to engage with Beta Beta Beta (Tri Beta) Biological Honor Society.,25
35,13,Community Outreach with Beta,2025-05-08,15:30,A great opportunity for students to engage with Beta Beta Beta (Tri Beta) Biological Honor Society.,29
36,13,Game Night with Beta,2025-11-22,15:30,A great opportunity for students to engage with Beta Beta Beta (Tri Beta) Biological Honor Society.,7
37,13,Speaker Night with Beta,2025-12-15,17:00,A great opportunity for students to engage with Beta Beta Beta (Tri Beta) Biological Honor Society.,7
38,13,Guest Lecture with Beta,2026-04-02,14:00,A great opportunity for students to engage with Beta Beta Beta (Tri Beta) Biological Honor Society.,5
39,14,Hackathon with Between,2022-08-28,10:30,A great opportunity for students to engage with Between the Covers Book Club.,8
40,14,Guest Lecture with Between,2023-03-06,12:30,A great opportunity for students to engage with Between the Covers Book Club.,29
41,14,Study Session with Between,2023-04-16,10:30,A great opportunity for students to engage with Between the Covers Book Club.,18
42,14,Meet & Greet with Between,2023-07-27,18:00,A great opportunity for students to engage with Between the Covers Book Club.,34
43,14,Workshop with Between,2023-07-31,10:30,A great opportunity for students to engage with Between the Covers Book Club.,11
44,14,Game Night with Between,2024-04-09,10:00,A great opportunity for students to engage with Between the Covers Book Club.,26
45,14,Fundraiser with Between,2024-08-19,11:00,A great opportunity for students to engage with Between the Covers Book Club.,21
46,14,Fundraiser with Between,2024-10-18,15:00,A great opportunity for students to engage with Between the Covers Book Club.,9
47,14,Workshop with Between,2025-03-07,11:00,A great opportunity for students to engage with Between the Covers Book Club.,24
48,14,Community Outreach with Between,2025-10-28,16:30,A great opportunity for students to engage with Between the Covers Book Club.,28
49,14,Game Night with Between,2025-11-15,17:00,A great opportunity for students to engage with Between the Covers Book Club.,5
50,14,Guest Lecture with Between,2025-12-31,16:30,A great opportunity for students to engage with Between the Covers Book Club.,4
51,15,Meet & Greet with Chemistry,2024-02-02,12:00,A great opportunity for students to engage with Chemistry Club (Stark State College Student Chapter of the American Chemical Society).,23
52,15,Workshop with Chemistry,2024-03-26,13:00,A great opportunity for students to engage with Chemistry Club (Stark State College Student Chapter of the American Chemical Society).,25
53,15,Fundraiser with Chemistry,2024-06-26,10:30,A great opportunity for students to engage with Chemistry Club (Stark State College Student Chapter of the American Chemical Society).,26
54,15,Speaker Night with Chemistry,2024-12-26,15:00,A great opportunity for students to engage with Chemistry Club (Stark State College Student Chapter of the American Chemical Society).,18
55,15,Workshop with Chemistry,2025-04-04,15:00,A great opportunity for students to engage with Chemistry Club (Stark State College Student Chapter of the American Chemical Society).,18
56,15,Speaker Night with Chemistry,2025-04-27,15:30,A great opportunity for students to engage with Chemistry Club (Stark State College Student Chapter of the American Chemical Society).,23
57,15,Game Night with Chemistry,2025-12-02,16:30,A great opportunity for students to engage with Chemistry Club (Stark State College Student Chapter of the American Chemical Society).,20
58,15,Meet & Greet with Chemistry,2025-12-23,17:00,A great opportunity for students to engage with Chemistry Club (Stark State College Student Chapter of the American Chemical Society).,27
59,16,Fundraiser with Comic,2022-05-03,16:30,A great opportunity for students to engage with Comic Book Club.,28
60,16,Fundraiser with Comic,2022-09-13,14:00,A great opportunity for students to engage with Comic Book Club.,29
61,16,Community Outreach with Comic,2022-10-05,15:00,A great opportunity for students to engage with Comic Book Club.,22
62,16,Social with Comic,2023-12-22,12:00,A great opportunity for students to engage with Comic Book Club.,6
63,16,Study Session with Comic,2024-05-05,15:30,A great opportunity for students to engage with Comic Book Club.,21
64,16,Fundraiser with Comic,2025-01-31,16:30,A great opportunity for students to engage with Comic Book Club.,14
65,16,Speaker Night with Comic,2025-03-22,13:30,A great opportunity for students to engage with Comic Book Club.,5
66,16,Meet & Greet with Comic,2025-08-16,14:30,A great opportunity for students to engage with Comic Book Club.,18
67,16,Meet & Greet with Comic,2025-08-27,16:00,A great opportunity for students to engage with Comic Book Club.,29
68,16,Game Night with Comic,2025-09-20,10:30,A great opportunity for students to engage with Comic Book Club.,30
69,16,Guest Lecture with Comic,2025-10-04,11:30,A great opportunity for students to engage with Comic Book Club.,8
70,17,"Meet & Greet with Cranberries,",2022-08-08,11:00,"A great opportunity for students to engage with Cranberries, Baby! (Sketch Comedy Troupe).",25
71,17,"Game Night with Cranberries,",2023-04-22,18:30,"A great opportunity for students to engage with Cranberries, Baby! (Sketch Comedy Troupe).",26
72,17,"Study Session with Cranberries,",2023-05-09,16:30,"A great opportunity for students to engage with Cranberries, Baby! (Sketch Comedy Troupe).",5
73,17,"Community Outreach with Cranberries,",2023-05-17,18:30,"A great opportunity for students to engage with Cranberries, Baby! (Sketch Comedy Troupe).",22
74,17,"Fundraiser with Cranberries,",2024-03-19,11:00,"A great opportunity for students to engage with Cranberries, Baby! (Sketch Comedy Troupe).",5
75,17,"Social with Cranberries,",2024-04-18,14:00,"A great opportunity for students to engage with Cranberries, Baby! (Sketch Comedy Troupe).",12
76,17,"Workshop with Cranberries,",2024-09-06,14:30,"A great opportunity for students to engage with Cranberries, Baby! (Sketch Comedy Troupe).",19
77,17,"Hackathon with Cranberries,",2024-10-22,12:00,"A great opportunity for students to engage with Cranberries, Baby! (Sketch Comedy Troupe).",28
78,17,"Meet & Greet with Cranberries,",2025-05-20,18:00,"A great opportunity for students to engage with Cranberries, Baby! (Sketch Comedy Troupe).",11
79,17,"Workshop with Cranberries,",2025-05-30,11:00,"A great opportunity for students to engage with Cranberries, Baby! (Sketch Comedy Troupe).",24
80,17,"Study Session with Cranberries,",2025-11-06,13:30,"A great opportunity for students to engage with Cranberries, Baby! (Sketch Comedy Troupe).",2
81,17,"Workshop with Cranberries,",2026-02-06,10:30,"A great opportunity for students to engage with Cranberries, Baby! (Sketch Comedy Troupe).",8
82,17,"Fundraiser with Cranberries,",2026-05-31,14:30,"A great opportunity for students to engage with Cranberries, Baby! (Sketch Comedy Troupe).",24
83,17,"Hackathon with Cranberries,",2026-06-13,14:30,"A great opportunity for students to engage with Cranberries, Baby! (Sketch Comedy Troupe).",31
84,18,Meet & Greet with Criminal,2022-11-20,18:00,A great opportunity for students to engage with Criminal Justice Student Association.,4
85,18,Meet & Greet with Criminal,2023-06-03,17:00,A great opportunity for students to engage with Criminal Justice Student Association.,21
86,18,Community Outreach with Criminal,2023-08-17,10:00,A great opportunity for students to engage with Criminal Justice Student Association.,23
87,18,Guest Lecture with Criminal,2023-08-23,13:30,A great opportunity for students to engage with Criminal Justice Student Association.,19
88,18,Meet & Greet with Criminal,2023-12-31,16:30,A great opportunity for students to engage with Criminal Justice Student Association.,6
89,18,Speaker Night with Criminal,2024-05-11,14:30,A great opportunity for students to engage with Criminal Justice Student Association.,16
90,18,Speaker Night with Criminal,2024-10-29,11:30,A great opportunity for students to engage with Criminal Justice Student Association.,15
91,18,Guest Lecture with Criminal,2024-10-31,15:00,A great opportunity for students to engage with Criminal Justice Student Association.,13
92,18,Guest Lecture with Criminal,2025-04-03,14:30,A great opportunity for students to engage with Criminal Justice Student Association.,27
93,18,Speaker Night with Criminal,2025-09-24,12:00,A great opportunity for students to engage with Criminal Justice Student Association.,28
94,18,Study Session with Criminal,2026-06-01,18:00,A great opportunity for students to engage with Criminal Justice Student Association.,21
95,19,Speaker Night with CRU,2022-12-11,16:00,A great opportunity for students to engage with CRU (Campus Crusade for Christ).,2
96,19,Guest Lecture with CRU,2023-04-07,15:30,A great opportunity for students to engage with CRU (Campus Crusade for Christ).,15
97,19,Hackathon with CRU,2023-05-28,10:30,A great opportunity for students to engage with CRU (Campus Crusade for Christ).,21
98,19,Workshop with CRU,2023-06-19,18:00,A great opportunity for students to engage with CRU (Campus Crusade for Christ).,30
99,19,Hackathon with CRU,2023-08-16,10:00,A great opportunity for students to engage with CRU (Campus Crusade for Christ).,18
100,19,Social with CRU,2024-01-05,14:00,A great opportunity for students to engage with CRU (Campus Crusade for Christ).,23
101,19,Study Session with CRU,2024-08-01,14:30,A great opportunity for students to engage with CRU (Campus Crusade for Christ).,11
102,19,Game Night with CRU,2024-08-29,11:00,A great opportunity for students to engage with CRU (Campus Crusade for Christ).,18
103,19,Social with CRU,2024-09-08,16:00,A great opportunity for students to engage with CRU (Campus Crusade for Christ).,16
104,19,Guest Lecture with CRU,2024-10-25,17:30,A great opportunity for students to engage with CRU (Campus Crusade for Christ).,16
105,19,Game Night with CRU,2024-12-16,13:30,A great opportunity for students to engage with CRU (Campus Crusade for Christ).,11
106,19,Meet & Greet with CRU,2025-03-16,10:30,A great opportunity for students to engage with CRU (Campus Crusade for Christ).,26
107,19,Workshop with CRU,2025-08-13,14:00,A great opportunity for students to engage with CRU (Campus Crusade for Christ).,20
108,19,Fundraiser with CRU,2025-09-17,15:00,A great opportunity for students to engage with CRU (Campus Crusade for Christ).,28
109,19,Community Outreach with CRU,2025-11-01,10:00,A great opportunity for students to engage with CRU (Campus Crusade for Christ).,14
110,19,Community Outreach with CRU,2026-01-25,12:30,A great opportunity for students to engage with CRU (Campus Crusade for Christ).,18
111,19,Fundraiser with CRU,2026-04-12,13:00,A great opportunity for students to engage with CRU (Campus Crusade for Christ).,16
112,19,Hackathon with CRU,2026-04-23,18:30,A great opportunity for students to engage with CRU (Campus Crusade for Christ).,9
113,20,Study Session with Culinary,2022-06-22,17:30,A great opportunity for students to engage with Culinary Club (Epicurean Society).,31
114,20,Social with Culinary,2022-09-28,17:00,A great opportunity for students to engage with Culinary Club (Epicurean Society).,11
115,20,Workshop with Culinary,2024-04-22,12:30,A great opportunity for students to engage with Culinary Club (Epicurean Society).,26
116,20,Fundraiser with Culinary,2024-07-21,16:30,A great opportunity for students to engage with Culinary Club (Epicurean Society).,28
117,20,Guest Lecture with Culinary,2024-09-12,17:30,A great opportunity for students to engage with Culinary Club (Epicurean Society).,9
118,20,Meet & Greet with Culinary,2025-03-02,17:30,A great opportunity for students to engage with Culinary Club (Epicurean Society).,9
119,20,Fundraiser with Culinary,2025-08-13,10:00,A great opportunity for students to engage with Culinary Club (Epicurean Society).,5
120,20,Study Session with Culinary,2026-02-16,16:00,A great opportunity for students to engage with Culinary Club (Epicurean Society).,19
121,20,Meet & Greet with Culinary,2026-02-17,14:00,A great opportunity for students to engage with Culinary Club (Epicurean Society).,23
122,20,Community Outreach with Culinary,2026-04-13,17:30,A great opportunity for students to engage with Culinary Club (Epicurean Society).,24
123,21,Guest Lecture with Education,2022-10-31,13:30,A great opportunity for students to engage with Education Club.,27
124,21,Speaker Night with Education,2023-04-06,11:00,A great opportunity for students to engage with Education Club.,24
125,21,Speaker Night with Education,2023-06-11,14:00,A great opportunity for students to engage with Education Club.,22
126,21,Guest Lecture with Education,2023-07-10,10:30,A great opportunity for students to engage with Education Club.,19
127,21,Social with Education,2023-08-01,10:30,A great opportunity for students to engage with Education Club.,24
128,21,Fundraiser with Education,2023-09-01,15:30,A great opportunity for students to engage with Education Club.,25
129,21,Game Night with Education,2023-10-20,12:00,A great opportunity for students to engage with Education Club.,28
130,21,Game Night with Education,2024-04-10,18:30,A great opportunity for students to engage with Education Club.,12
131,21,Speaker Night with Education,2024-05-18,16:00,A great opportunity for students to engage with Education Club.,6
132,21,Game Night with Education,2024-10-16,12:30,A great opportunity for students to engage with Education Club.,5
133,21,Study Session with Education,2024-10-22,12:30,A great opportunity for students to engage with Education Club.,20
134,21,Hackathon with Education,2024-10-28,15:30,A great opportunity for students to engage with Education Club.,12
135,21,Fundraiser with Education,2025-03-12,13:00,A great opportunity for students to engage with Education Club.,5
136,21,Guest Lecture with Education,2025-03-13,10:30,A great opportunity for students to engage with Education Club.,25
137,21,Fundraiser with Education,2025-05-02,11:00,A great opportunity for students to engage with Education Club.,12
138,21,Community Outreach with Education,2025-09-12,12:00,A great opportunity for students to engage with Education Club.,9
139,21,Workshop with Education,2025-10-21,17:00,A great opportunity for students to engage with Education Club.,15
140,21,Workshop with Education,2026-02-03,15:00,A great opportunity for students to engage with Education Club.,11
141,21,Speaker Night with Education,2026-02-16,16:00,A great opportunity for students to engage with Education Club.,24
142,21,Study Session with Education,2026-02-17,13:30,A great opportunity for students to engage with Education Club.,25
143,22,Game Night with High,2022-12-14,14:00,A great opportunity for students to engage with High Technology Crime Investigation Association (HTCIA).,7
144,22,Game Night with High,2023-01-23,12:30,A great opportunity for students to engage with High Technology Crime Investigation Association (HTCIA).,22
145,22,Fundraiser with High,2023-07-16,11:00,A great opportunity for students to engage with High Technology Crime Investigation Association (HTCIA).,20
146,22,Study Session with High,2023-08-04,12:00,A great opportunity for students to engage with High Technology Crime Investigation Association (HTCIA).,24
147,22,Meet & Greet with High,2024-09-08,15:30,A great opportunity for students to engage with High Technology Crime Investigation Association (HTCIA).,26
148,22,Social with High,2024-10-01,10:00,A great opportunity for students to engage with High Technology Crime Investigation Association (HTCIA).,10
149,22,Guest Lecture with High,2025-01-07,17:00,A great opportunity for students to engage with High Technology Crime Investigation Association (HTCIA).,8
150,22,Speaker Night with High,2025-04-18,18:00,A great opportunity for students to engage with High Technology Crime Investigation Association (HTCIA).,22
151,22,Workshop with High,2025-04-29,18:30,A great opportunity for students to engage with High Technology Crime Investigation Association (HTCIA).,17
152,22,Study Session with High,2025-07-26,18:30,A great opportunity for students to engage with High Technology Crime Investigation Association (HTCIA).,31
153,22,Speaker Night with High,2025-09-02,17:00,A great opportunity for students to engage with High Technology Crime Investigation Association (HTCIA).,19
154,22,Social with High,2025-10-01,12:30,A great opportunity for students to engage with High Technology Crime Investigation Association (HTCIA).,16
155,22,Hackathon with High,2025-11-22,17:00,A great opportunity for students to engage with High Technology Crime Investigation Association (HTCIA).,19
156,22,Game Night with High,2026-02-07,14:00,A great opportunity for students to engage with High Technology Crime Investigation Association (HTCIA).,9
157,23,Workshop with Human,2023-07-02,13:00,A great opportunity for students to engage with Human and Social Services Student Association.,25
158,23,Guest Lecture with Human,2023-07-05,18:00,A great opportunity for students to engage with Human and Social Services Student Association.,24
159,23,Meet & Greet with Human,2023-10-05,17:30,A great opportunity for students to engage with Human and Social Services Student Association.,28
160,23,Guest Lecture with Human,2023-10-12,18:00,A great opportunity for students to engage with Human and Social Services Student Association.,19
161,23,Social with Human,2024-01-29,17:00,A great opportunity for students to engage with Human and Social Services Student Association.,21
162,23,Guest Lecture with Human,2024-12-30,17:30,A great opportunity for students to engage with Human and Social Services Student Association.,1
163,23,Workshop with Human,2025-02-07,12:30,A great opportunity for students to engage with Human and Social Services Student Association.,9
164,23,Meet & Greet with Human,2025-03-27,10:00,A great opportunity for students to engage with Human and Social Services Student Association.,25
165,23,Meet & Greet with Human,2025-08-11,10:30,A great opportunity for students to engage with Human and Social Services Student Association.,20
166,24,Study Session with Institute,2022-08-23,16:30,A great opportunity for students to engage with Institute of Electrical and Electronic Engineers (IEEE).,9
167,24,Social with Institute,2022-12-15,17:00,A great opportunity for students to engage with Institute of Electrical and Electronic Engineers (IEEE).,18
168,24,Community Outreach with Institute,2023-09-15,11:00,A great opportunity for students to engage with Institute of Electrical and Electronic Engineers (IEEE).,13
169,24,Workshop with Institute,2023-10-28,10:30,A great opportunity for students to engage with Institute of Electrical and Electronic Engineers (IEEE).,10
170,24,Workshop with Institute,2024-02-02,18:00,A great opportunity for students to engage with Institute of Electrical and Electronic Engineers (IEEE).,9
171,24,Game Night with Institute,2024-04-06,17:00,A great opportunity for students to engage with Institute of Electrical and Electronic Engineers (IEEE).,15
172,24,Study Session with Institute,2024-05-30,10:00,A great opportunity for students to engage with Institute of Electrical and Electronic Engineers (IEEE).,24
173,24,Meet & Greet with Institute,2024-06-30,13:00,A great opportunity for students to engage with Institute of Electrical and Electronic Engineers (IEEE).,33
174,24,Speaker Night with Institute,2025-04-19,13:30,A great opportunity for students to engage with Institute of Electrical and Electronic Engineers (IEEE).,22
175,24,Study Session with Institute,2026-04-03,12:30,A great opportunity for students to engage with Institute of Electrical and Electronic Engineers (IEEE).,11
176,25,Community Outreach with Institute,2023-03-31,16:30,A great opportunity for students to engage with Institute of Management Accountants (IMA).,22
177,25,Workshop with Institute,2023-08-16,10:00,A great opportunity for students to engage with Institute of Management Accountants (IMA).,23
178,25,Study Session with Institute,2023-09-25,12:30,A great opportunity for students to engage with Institute of Management Accountants (IMA).,23
179,25,Fundraiser with Institute,2023-09-29,16:00,A great opportunity for students to engage with Institute of Management Accountants (IMA).,30
180,25,Community Outreach with Institute,2023-10-01,14:00,A great opportunity for students to engage with Institute of Management Accountants (IMA).,6
181,25,Fundraiser with Institute,2023-10-02,13:30,A great opportunity for students to engage with Institute of Management Accountants (IMA).,24
182,25,Meet & Greet with Institute,2023-11-01,13:30,A great opportunity for students to engage with Institute of Management Accountants (IMA).,24
183,25,Speaker Night with Institute,2024-01-13,12:00,A great opportunity for students to engage with Institute of Management Accountants (IMA).,9
184,25,Speaker Night with Institute,2024-06-10,17:30,A great opportunity for students to engage with Institute of Management Accountants (IMA).,22
185,25,Speaker Night with Institute,2024-06-29,13:30,A great opportunity for students to engage with Institute of Management Accountants (IMA).,28
186,25,Study Session with Institute,2025-02-19,14:30,A great opportunity for students to engage with Institute of Management Accountants (IMA).,15
187,25,Hackathon with Institute,2025-04-19,15:00,A great opportunity for students to engage with Institute of Management Accountants (IMA).,21
188,25,Workshop with Institute,2025-09-23,11:30,A great opportunity for students to engage with Institute of Management Accountants (IMA).,24
189,25,Study Session with Institute,2025-11-12,16:30,A great opportunity for students to engage with Institute of Management Accountants (IMA).,10
190,25,Workshop with Institute,2026-01-10,18:00,A great opportunity for students to engage with Institute of Management Accountants (IMA).,21
191,26,Fundraiser with Math,2022-06-11,18:00,A great opportunity for students to engage with Math Club.,13
192,26,Community Outreach with Math,2022-10-21,14:30,A great opportunity for students to engage with Math Club.,14
193,26,Community Outreach with Math,2023-03-31,13:00,A great opportunity for students to engage with Math Club.,26
194,26,Game Night with Math,2024-01-12,16:00,A great opportunity for students to engage with Math Club.,21
195,26,Hackathon with Math,2024-01-21,11:00,A great opportunity for students to engage with Math Club.,1
196,26,Hackathon with Math,2024-06-11,10:00,A great opportunity for students to engage with Math Club.,28
197,26,Workshop with Math,2024-08-26,17:30,A great opportunity for students to engage with Math Club.,24
198,26,Community Outreach with Math,2024-09-29,12:30,A great opportunity for students to engage with Math Club.,17
199,26,Hackathon with Math,2024-10-19,18:30,A great opportunity for students to engage with Math Club.,25
200,26,Meet & Greet with Math,2024-11-19,14:30,A great opportunity for students to engage with Math Club.,22
201,26,Community Outreach with Math,2024-12-10,16:00,A great opportunity for students to engage with Math Club.,4
202,26,Fundraiser with Math,2025-04-01,17:00,A great opportunity for students to engage with Math Club.,5
203,26,Social with Math,2025-08-03,14:30,A great opportunity for students to engage with Math Club.,22
204,26,Meet & Greet with Math,2025-08-11,13:30,A great opportunity for students to engage with Math Club.,18
205,26,Game Night with Math,2025-10-29,12:00,A great opportunity for students to engage with Math Club.,16
206,26,Meet & Greet with Math,2026-04-28,17:30,A great opportunity for students to engage with Math Club.,25
207,27,Meet & Greet with National,2023-12-05,11:30,A great opportunity for students to engage with National Association of Black Accountants & Black Business Leaders (NABA).,7
208,27,Workshop with National,2024-01-25,17:30,A great opportunity for students to engage with National Association of Black Accountants & Black Business Leaders (NABA).,20
209,27,Guest Lecture with National,2024-10-18,12:30,A great opportunity for students to engage with National Association of Black Accountants & Black Business Leaders (NABA).,27
210,27,Meet & Greet with National,2024-11-28,14:30,A great opportunity for students to engage with National Association of Black Accountants & Black Business Leaders (NABA).,18
211,27,Social with National,2025-03-22,10:00,A great opportunity for students to engage with National Association of Black Accountants & Black Business Leaders (NABA).,15
212,27,Guest Lecture with National,2025-05-12,17:00,A great opportunity for students to engage with National Association of Black Accountants & Black Business Leaders (NABA).,13
213,27,Community Outreach with National,2025-11-30,12:30,A great opportunity for students to engage with National Association of Black Accountants & Black Business Leaders (NABA).,16
214,27,Study Session with National,2026-02-05,15:30,A great opportunity for students to engage with National Association of Black Accountants & Black Business Leaders (NABA).,7
215,28,Social with National,2022-05-12,15:30,A great opportunity for students to engage with National Electrical Contractors Association (NECA).,12
216,28,Meet & Greet with National,2022-07-21,15:30,A great opportunity for students to engage with National Electrical Contractors Association (NECA).,17
217,28,Hackathon with National,2022-12-28,12:30,A great opportunity for students to engage with National Electrical Contractors Association (NECA).,19
218,28,Fundraiser with National,2024-09-04,12:30,A great opportunity for students to engage with National Electrical Contractors Association (NECA).,7
219,28,Guest Lecture with National,2024-09-17,18:30,A great opportunity for students to engage with National Electrical Contractors Association (NECA).,25
220,28,Community Outreach with National,2024-12-07,10:00,A great opportunity for students to engage with National Electrical Contractors Association (NECA).,13
221,28,Meet & Greet with National,2025-01-21,15:30,A great opportunity for students to engage with National Electrical Contractors Association (NECA).,19
222,28,Game Night with National,2025-03-23,17:00,A great opportunity for students to engage with National Electrical Contractors Association (NECA).,11
223,28,Hackathon with National,2025-04-17,12:00,A great opportunity for students to engage with National Electrical Contractors Association (NECA).,15
224,28,Hackathon with National,2025-04-28,15:30,A great opportunity for students to engage with National Electrical Contractors Association (NECA).,24
225,28,Fundraiser with National,2025-07-09,17:00,A great opportunity for students to engage with National Electrical Contractors Association (NECA).,36
226,28,Meet & Greet with National,2025-07-15,17:30,A great opportunity for students to engage with National Electrical Contractors Association (NECA).,34
227,28,Hackathon with National,2025-12-01,16:00,A great opportunity for students to engage with National Electrical Contractors Association (NECA).,17
228,29,Study Session with Outdoor,2022-02-15,16:30,A great opportunity for students to engage with Outdoor Adventure Club.,18
229,29,Hackathon with Outdoor,2022-08-11,10:00,A great opportunity for students to engage with Outdoor Adventure Club.,30
230,29,Fundraiser with Outdoor,2022-11-29,14:30,A great opportunity for students to engage with Outdoor Adventure Club.,14
231,29,Study Session with Outdoor,2023-02-26,13:00,A great opportunity for students to engage with Outdoor Adventure Club.,20
232,29,Study Session with Outdoor,2023-06-16,18:30,A great opportunity for students to engage with Outdoor Adventure Club.,31
233,29,Speaker Night with Outdoor,2023-06-25,15:30,A great opportunity for students to engage with Outdoor Adventure Club.,12
234,29,Community Outreach with Outdoor,2023-10-06,16:30,A great opportunity for students to engage with Outdoor Adventure Club.,30
235,29,Community Outreach with Outdoor,2024-02-20,18:00,A great opportunity for students to engage with Outdoor Adventure Club.,7
236,29,Speaker Night with Outdoor,2024-02-21,15:30,A great opportunity for students to engage with Outdoor Adventure Club.,28
237,29,Fundraiser with Outdoor,2024-05-27,12:00,A great opportunity for students to engage with Outdoor Adventure Club.,6
238,29,Guest Lecture with Outdoor,2024-11-13,18:00,A great opportunity for students to engage with Outdoor Adventure Club.,5
239,29,Workshop with Outdoor,2025-02-10,10:30,A great opportunity for students to engage with Outdoor Adventure Club.,7
240,29,Game Night with Outdoor,2025-02-12,10:00,A great opportunity for students to engage with Outdoor Adventure Club.,13
241,29,Social with Outdoor,2025-02-20,15:30,A great opportunity for students to engage with Outdoor Adventure Club.,14
242,29,Meet & Greet with Outdoor,2025-05-02,18:30,A great opportunity for students to engage with Outdoor Adventure Club.,8
243,29,Study Session with Outdoor,2025-06-17,14:00,A great opportunity for students to engage with Outdoor Adventure Club.,26
244,29,Workshop with Outdoor,2025-07-10,16:30,A great opportunity for students to engage with Outdoor Adventure Club.,14
245,29,Community Outreach with Outdoor,2025-11-22,13:30,A great opportunity for students to engage with Outdoor Adventure Club.,20
246,30,Meet & Greet with Phi,2022-11-13,14:00,A great opportunity for students to engage with Phi Theta Kappa Honor Society.,18
247,30,Community Outreach with Phi,2022-11-27,10:00,A great opportunity for students to engage with Phi Theta Kappa Honor Society.,26
248,30,Fundraiser with Phi,2023-02-28,16:00,A great opportunity for students to engage with Phi Theta Kappa Honor Society.,8
249,30,Guest Lecture with Phi,2024-01-21,16:30,A great opportunity for students to engage with Phi Theta Kappa Honor Society.,23
250,30,Social with Phi,2024-02-01,18:30,A great opportunity for students to engage with Phi Theta Kappa Honor Society.,11
251,30,Study Session with Phi,2024-03-03,14:30,A great opportunity for students to engage with Phi Theta Kappa Honor Society.,17
252,30,Meet & Greet with Phi,2024-09-22,13:00,A great opportunity for students to engage with Phi Theta Kappa Honor Society.,8
253,30,Workshop with Phi,2024-11-30,17:00,A great opportunity for students to engage with Phi Theta Kappa Honor Society.,10
254,30,Guest Lecture with Phi,2024-12-03,14:00,A great opportunity for students to engage with Phi Theta Kappa Honor Society.,26
255,30,Game Night with Phi,2025-03-01,13:30,A great opportunity for students to engage with Phi Theta Kappa Honor Society.,27
256,30,Game Night with Phi,2025-03-19,14:00,A great opportunity for students to engage with Phi Theta Kappa Honor Society.,23
257,30,Study Session with Phi,2025-05-01,15:00,A great opportunity for students to engage with Phi Theta Kappa Honor Society.,20
258,30,Hackathon with Phi,2025-08-21,18:00,A great opportunity for students to engage with Phi Theta Kappa Honor Society.,18
259,30,Speaker Night with Phi,2025-10-22,16:30,A great opportunity for students to engage with Phi Theta Kappa Honor Society.,12
260,30,Game Night with Phi,2025-10-24,16:00,A great opportunity for students to engage with Phi Theta Kappa Honor Society.,26
261,30,Workshop with Phi,2025-12-01,13:00,A great opportunity for students to engage with Phi Theta Kappa Honor Society.,9
262,30,Fundraiser with Phi,2026-02-01,18:00,A great opportunity for students to engage with Phi Theta Kappa Honor Society.,15
263,30,Social with Phi,2026-06-13,15:00,A great opportunity for students to engage with Phi Theta Kappa Honor Society.,27
264,31,Community Outreach with Physics,2022-06-26,10:00,A great opportunity for students to engage with Physics and Astronomy Club.,32
265,31,Hackathon with Physics,2024-02-19,11:00,A great opportunity for students to engage with Physics and Astronomy Club.,29
266,31,Game Night with Physics,2024-03-23,10:30,A great opportunity for students to engage with Physics and Astronomy Club.,27
267,31,Meet & Greet with Physics,2024-06-18,10:30,A great opportunity for students to engage with Physics and Astronomy Club.,20
268,31,Guest Lecture with Physics,2024-08-31,11:00,A great opportunity for students to engage with Physics and Astronomy Club.,26
269,31,Speaker Night with Physics,2024-11-13,11:30,A great opportunity for students to engage with Physics and Astronomy Club.,24
270,31,Meet & Greet with Physics,2024-11-23,13:00,A great opportunity for students to engage with Physics and Astronomy Club.,23
271,31,Game Night with Physics,2025-01-27,14:30,A great opportunity for students to engage with Physics and Astronomy Club.,19
272,31,Social with Physics,2025-03-04,16:30,A great opportunity for students to engage with Physics and Astronomy Club.,8
273,31,Fundraiser with Physics,2025-10-26,10:30,A great opportunity for students to engage with Physics and Astronomy Club.,16
274,31,Social with Physics,2026-01-23,15:30,A great opportunity for students to engage with Physics and Astronomy Club.,24
275,31,Community Outreach with Physics,2026-06-03,11:30,A great opportunity for students to engage with Physics and Astronomy Club.,25
276,32,Community Outreach with Psi,2023-01-07,15:30,A great opportunity for students to engage with Psi Beta Psychology Honors Chapter.,15
277,32,Meet & Greet with Psi,2023-06-14,13:30,A great opportunity for students to engage with Psi Beta Psychology Honors Chapter.,24
278,32,Speaker Night with Psi,2024-02-03,15:30,A great opportunity for students to engage with Psi Beta Psychology Honors Chapter.,16
279,32,Hackathon with Psi,2024-04-13,10:30,A great opportunity for students to engage with Psi Beta Psychology Honors Chapter.,27
280,32,Community Outreach with Psi,2024-06-13,16:00,A great opportunity for students to engage with Psi Beta Psychology Honors Chapter.,36
281,32,Fundraiser with Psi,2024-09-25,11:30,A great opportunity for students to engage with Psi Beta Psychology Honors Chapter.,9
282,32,Speaker Night with Psi,2024-11-13,17:30,A great opportunity for students to engage with Psi Beta Psychology Honors Chapter.,20
283,32,Social with Psi,2025-03-14,12:30,A great opportunity for students to engage with Psi Beta Psychology Honors Chapter.,11
284,32,Fundraiser with Psi,2025-04-17,18:30,A great opportunity for students to engage with Psi Beta Psychology Honors Chapter.,13
285,32,Speaker Night with Psi,2025-05-07,14:30,A great opportunity for students to engage with Psi Beta Psychology Honors Chapter.,25
286,32,Guest Lecture with Psi,2025-06-12,15:00,A great opportunity for students to engage with Psi Beta Psychology Honors Chapter.,23
287,32,Workshop with Psi,2025-10-17,16:30,A great opportunity for students to engage with Psi Beta Psychology Honors Chapter.,8
288,32,Social with Psi,2025-12-03,13:30,A great opportunity for students to engage with Psi Beta Psychology Honors Chapter.,14
289,32,Social with Psi,2026-01-24,11:00,A great opportunity for students to engage with Psi Beta Psychology Honors Chapter.,17
290,32,Study Session with Psi,2026-03-07,10:00,A great opportunity for students to engage with Psi Beta Psychology Honors Chapter.,5
291,32,Study Session with Psi,2026-03-16,12:30,A great opportunity for students to engage with Psi Beta Psychology Honors Chapter.,18
292,33,Meet & Greet with Respiratory,2023-01-15,12:30,A great opportunity for students to engage with Respiratory Therapy Club.,23
293,33,Workshop with Respiratory,2023-12-07,11:00,A great opportunity for students to engage with Respiratory Therapy Club.,21
294,33,Meet & Greet with Respiratory,2024-01-20,13:00,A great opportunity for students to engage with Respiratory Therapy Club.,27
295,33,Speaker Night with Respiratory,2024-03-04,16:30,A great opportunity for students to engage with Respiratory Therapy Club.,13
296,33,Game Night with Respiratory,2024-12-02,11:30,A great opportunity for students to engage with Respiratory Therapy Club.,15
297,33,Workshop with Respiratory,2025-05-11,12:00,A great opportunity for students to engage with Respiratory Therapy Club.,16
298,33,Social with Respiratory,2025-07-07,13:30,A great opportunity for students to engage with Respiratory Therapy Club.,21
299,33,Study Session with Respiratory,2025-09-12,15:30,A great opportunity for students to engage with Respiratory Therapy Club.,8
300,33,Community Outreach with Respiratory,2026-02-24,17:30,A great opportunity for students to engage with Respiratory Therapy Club.,13
301,34,Speaker Night with Software,2022-03-18,14:00,A great opportunity for students to engage with Software Development Guild.,23
302,34,Community Outreach with Software,2023-04-29,18:30,A great opportunity for students to engage with Software Development Guild.,14
303,34,Workshop with Software,2023-09-15,15:30,A great opportunity for students to engage with Software Development Guild.,6
304,34,Meet & Greet with Software,2024-03-23,14:00,A great opportunity for students to engage with Software Development Guild.,17
305,34,Study Session with Software,2024-04-02,15:00,A great opportunity for students to engage with Software Development Guild.,10
306,34,Workshop with Software,2024-05-07,12:30,A great opportunity for students to engage with Software Development Guild.,9
307,34,Fundraiser with Software,2024-08-28,10:00,A great opportunity for students to engage with Software Development Guild.,8
308,34,Game Night with Software,2024-09-24,16:00,A great opportunity for students to engage with Software Development Guild.,8
309,34,Speaker Night with Software,2024-10-31,15:00,A great opportunity for students to engage with Software Development Guild.,10
310,34,Workshop with Software,2024-11-15,18:30,A great opportunity for students to engage with Software Development Guild.,16
311,34,Meet & Greet with Software,2025-03-12,18:30,A great opportunity for students to engage with Software Development Guild.,19
312,34,Social with Software,2025-06-17,16:00,A great opportunity for students to engage with Software Development Guild.,15
313,34,Hackathon with Software,2025-07-15,18:30,A great opportunity for students to engage with Software Development Guild.,32
314,34,Workshop with Software,2025-08-21,17:30,A great opportunity for students to engage with Software Development Guild.,30
315,34,Workshop with Software,2025-10-06,15:30,A great opportunity for students to engage with Software Development Guild.,14
316,34,Study Session with Software,2025-10-11,14:00,A great opportunity for students to engage with Software Development Guild.,13
317,34,Speaker Night with Software,2025-10-30,13:00,A great opportunity for students to engage with Software Development Guild.,8
318,34,Workshop with Software,2025-11-07,18:30,A great opportunity for students to engage with Software Development Guild.,30
319,34,Community Outreach with Software,2026-01-07,15:00,A great opportunity for students to engage with Software Development Guild.,24
320,34,Speaker Night with Software,2026-02-02,17:30,A great opportunity for students to engage with Software Development Guild.,18
321,34,Game Night with Software,2026-02-10,11:30,A great opportunity for students to engage with Software Development Guild.,16
322,34,Speaker Night with Software,2026-06-09,11:30,A great opportunity for students to engage with Software Development Guild.,16
323,35,Speaker Night with Stark,2022-12-04,10:00,A great opportunity for students to engage with Stark Communication Society.,28
324,35,Study Session with Stark,2022-12-21,15:30,A great opportunity for students to engage with Stark Communication Society.,22
325,35,Hackathon with Stark,2023-06-14,12:00,A great opportunity for students to engage with Stark Communication Society.,28
326,35,Meet & Greet with Stark,2024-04-27,18:30,A great opportunity for students to engage with Stark Communication Society.,5
327,35,Social with Stark,2024-11-15,11:30,A great opportunity for students to engage with Stark Communication Society.,12
328,35,Guest Lecture with Stark,2025-12-05,17:00,A great opportunity for students to engage with Stark Communication Society.,24
329,35,Game Night with Stark,2026-01-09,10:30,A great opportunity for students to engage with Stark Communication Society.,8
330,35,Workshop with Stark,2026-02-14,11:00,A great opportunity for students to engage with Stark Communication Society.,25
331,36,Speaker Night with Stark,2023-11-27,15:00,A great opportunity for students to engage with Stark Raving Writers.,21
332,36,Guest Lecture with Stark,2025-06-09,12:30,A great opportunity for students to engage with Stark Raving Writers.,17
333,36,Guest Lecture with Stark,2025-08-23,10:00,A great opportunity for students to engage with Stark Raving Writers.,10
334,36,Speaker Night with Stark,2026-06-25,18:00,A great opportunity for students to engage with Stark Raving Writers.,37
335,37,Game Night with Stark,2023-06-12,16:30,A great opportunity for students to engage with Stark State College Association of Medical Assistants.,24
336,37,Guest Lecture with Stark,2024-05-02,12:30,A great opportunity for students to engage with Stark State College Association of Medical Assistants.,10
337,37,Workshop with Stark,2024-07-03,12:00,A great opportunity for students to engage with Stark State College Association of Medical Assistants.,24
338,37,Hackathon with Stark,2024-11-07,14:30,A great opportunity for students to engage with Stark State College Association of Medical Assistants.,15
339,37,Meet & Greet with Stark,2025-03-02,13:30,A great opportunity for students to engage with Stark State College Association of Medical Assistants.,17
340,37,Meet & Greet with Stark,2025-04-01,13:30,A great opportunity for students to engage with Stark State College Association of Medical Assistants.,22
341,37,Workshop with Stark,2025-06-06,10:30,A great opportunity for students to engage with Stark State College Association of Medical Assistants.,31
342,37,Speaker Night with Stark,2025-07-25,10:00,A great opportunity for students to engage with Stark State College Association of Medical Assistants.,32
343,37,Game Night with Stark,2025-10-01,12:30,A great opportunity for students to engage with Stark State College Association of Medical Assistants.,11
344,37,Workshop with Stark,2025-11-11,12:30,A great opportunity for students to engage with Stark State College Association of Medical Assistants.,12
345,37,Speaker Night with Stark,2025-12-11,16:00,A great opportunity for students to engage with Stark State College Association of Medical Assistants.,17
346,37,Game Night with Stark,2026-02-14,18:30,A great opportunity for students to engage with Stark State College Association of Medical Assistants.,21
347,37,Social with Stark,2026-03-03,17:30,A great opportunity for students to engage with Stark State College Association of Medical Assistants.,8
348,37,Meet & Greet with Stark,2026-04-19,16:30,A great opportunity for students to engage with Stark State College Association of Medical Assistants.,12
349,38,Social with Stark,2022-03-16,18:30,A great opportunity for students to engage with Stark Voices – Student Publication/Newspaper.,9
350,38,Workshop with Stark,2022-07-20,12:00,A great opportunity for students to engage with Stark Voices – Student Publication/Newspaper.,32
351,38,Meet & Greet with Stark,2023-01-08,10:30,A great opportunity for students to engage with Stark Voices – Student Publication/Newspaper.,25
352,38,Fundraiser with Stark,2023-07-09,11:30,A great opportunity for students to engage with Stark Voices – Student Publication/Newspaper.,26
353,38,Social with Stark,2023-09-02,12:30,A great opportunity for students to engage with Stark Voices – Student Publication/Newspaper.,21
354,38,Hackathon with Stark,2023-10-10,15:00,A great opportunity for students to engage with Stark Voices – Student Publication/Newspaper.,29
355,38,Meet & Greet with Stark,2023-11-11,18:00,A great opportunity for students to engage with Stark Voices – Student Publication/Newspaper.,14
356,38,Community Outreach with Stark,2024-03-13,13:30,A great opportunity for students to engage with Stark Voices – Student Publication/Newspaper.,6
357,38,Guest Lecture with Stark,2024-05-16,10:00,A great opportunity for students to engage with Stark Voices – Student Publication/Newspaper.,13
358,38,Study Session with Stark,2024-07-09,18:00,A great opportunity for students to engage with Stark Voices – Student Publication/Newspaper.,21
359,38,Study Session with Stark,2024-09-17,12:30,A great opportunity for students to engage with Stark Voices – Student Publication/Newspaper.,30
360,38,Study Session with Stark,2024-12-01,15:00,A great opportunity for students to engage with Stark Voices – Student Publication/Newspaper.,18
361,38,Study Session with Stark,2025-03-14,18:30,A great opportunity for students to engage with Stark Voices – Student Publication/Newspaper.,20
362,38,Fundraiser with Stark,2025-06-06,11:00,A great opportunity for students to engage with Stark Voices – Student Publication/Newspaper.,35
363,38,Game Night with Stark,2025-11-29,13:00,A great opportunity for students to engage with Stark Voices – Student Publication/Newspaper.,14
364,39,Game Night with Student,2023-06-28,16:30,A great opportunity for students to engage with Student Ambassador Program.,23
365,39,Study Session with Student,2023-12-18,11:00,A great opportunity for students to engage with Student Ambassador Program.,19
366,39,Workshop with Student,2024-03-29,11:30,A great opportunity for students to engage with Student Ambassador Program.,24
367,39,Community Outreach with Student,2024-05-01,10:30,A great opportunity for students to engage with Student Ambassador Program.,21
368,39,Game Night with Student,2024-08-24,16:00,A great opportunity for students to engage with Student Ambassador Program.,20
369,39,Guest Lecture with Student,2024-12-25,12:30,A great opportunity for students to engage with Student Ambassador Program.,19
370,39,Study Session with Student,2025-01-22,15:00,A great opportunity for students to engage with Student Ambassador Program.,21
371,39,Workshop with Student,2025-02-12,18:30,A great opportunity for students to engage with Student Ambassador Program.,30
372,39,Hackathon with Student,2025-03-16,15:30,A great opportunity for students to engage with Student Ambassador Program.,6
373,39,Game Night with Student,2025-04-11,11:00,A great opportunity for students to engage with Student Ambassador Program.,18
374,39,Speaker Night with Student,2025-06-06,18:00,A great opportunity for students to engage with Student Ambassador Program.,22
375,39,Hackathon with Student,2025-07-28,14:30,A great opportunity for students to engage with Student Ambassador Program.,37
376,39,Meet & Greet with Student,2025-09-10,14:00,A great opportunity for students to engage with Student Ambassador Program.,28
377,39,Study Session with Student,2025-10-15,10:30,A great opportunity for students to engage with Student Ambassador Program.,6
378,39,Guest Lecture with Student,2025-12-14,14:30,A great opportunity for students to engage with Student Ambassador Program.,28
379,39,Meet & Greet with Student,2026-04-13,11:00,A great opportunity for students to engage with Student Ambassador Program.,6
380,39,Fundraiser with Student,2026-06-05,11:00,A great opportunity for students to engage with Student Ambassador Program.,19
381,40,Community Outreach with Student,2023-05-18,10:00,A great opportunity for students to engage with Student American Dental Hygienist Association (SADHA).,24
382,40,Meet & Greet with Student,2023-08-12,10:30,A great opportunity for students to engage with Student American Dental Hygienist Association (SADHA).,7
383,40,Hackathon with Student,2024-01-28,13:30,A great opportunity for students to engage with Student American Dental Hygienist Association (SADHA).,16
384,40,Social with Student,2024-05-19,18:00,A great opportunity for students to engage with Student American Dental Hygienist Association (SADHA).,17
385,40,Guest Lecture with Student,2024-08-30,11:00,A great opportunity for students to engage with Student American Dental Hygienist Association (SADHA).,26
386,40,Workshop with Student,2024-09-09,14:00,A great opportunity for students to engage with Student American Dental Hygienist Association (SADHA).,19
387,40,Social with Student,2025-01-09,18:00,A great opportunity for students to engage with Student American Dental Hygienist Association (SADHA).,6
388,40,Workshop with Student,2025-05-02,18:30,A great opportunity for students to engage with Student American Dental Hygienist Association (SADHA).,19
389,40,Fundraiser with Student,2025-07-25,18:30,A great opportunity for students to engage with Student American Dental Hygienist Association (SADHA).,30
390,41,Guest Lecture with Student,2022-07-17,16:00,A great opportunity for students to engage with Student Government Association/InterClub Council.,11
391,41,Community Outreach with Student,2023-02-03,13:30,A great opportunity for students to engage with Student Government Association/InterClub Council.,17
392,41,Community Outreach with Student,2023-03-10,14:30,A great opportunity for students to engage with Student Government Association/InterClub Council.,22
393,41,Study Session with Student,2023-07-31,17:30,A great opportunity for students to engage with Student Government Association/InterClub Council.,28
394,41,Speaker Night with Student,2023-08-16,16:00,A great opportunity for students to engage with Student Government Association/InterClub Council.,19
395,41,Guest Lecture with Student,2023-08-28,17:00,A great opportunity for students to engage with Student Government Association/InterClub Council.,14
396,41,Fundraiser with Student,2023-09-18,12:30,A great opportunity for students to engage with Student Government Association/InterClub Council.,6
397,41,Speaker Night with Student,2023-10-11,12:00,A great opportunity for students to engage with Student Government Association/InterClub Council.,5
398,41,Game Night with Student,2023-10-16,12:00,A great opportunity for students to engage with Student Government Association/InterClub Council.,15
399,41,Study Session with Student,2024-01-04,17:00,A great opportunity for students to engage with Student Government Association/InterClub Council.,24
400,41,Guest Lecture with Student,2024-02-17,15:30,A great opportunity for students to engage with Student Government Association/InterClub Council.,22
401,41,Community Outreach with Student,2024-04-05,10:00,A great opportunity for students to engage with Student Government Association/InterClub Council.,18
402,41,Meet & Greet with Student,2024-06-26,14:00,A great opportunity for students to engage with Student Government Association/InterClub Council.,18
403,41,Meet & Greet with Student,2024-08-15,12:00,A great opportunity for students to engage with Student Government Association/InterClub Council.,23
404,41,Meet & Greet with Student,2024-11-11,15:00,A great opportunity for students to engage with Student Government Association/InterClub Council.,14
405,41,Study Session with Student,2024-12-28,13:00,A great opportunity for students to engage with Student Government Association/InterClub Council.,26
406,41,Community Outreach with Student,2025-01-17,10:00,A great opportunity for students to engage with Student Government Association/InterClub Council.,23
407,41,Guest Lecture with Student,2025-01-21,15:30,A great opportunity for students to engage with Student Government Association/InterClub Council.,17
408,41,Meet & Greet with Student,2025-05-22,17:00,A great opportunity for students to engage with Student Government Association/InterClub Council.,24
409,41,Meet & Greet with Student,2025-10-26,10:30,A great opportunity for students to engage with Student Government Association/InterClub Council.,14
410,41,Hackathon with Student,2025-10-28,15:00,A great opportunity for students to engage with Student Government Association/InterClub Council.,16
411,41,Speaker Night with Student,2025-12-15,16:30,A great opportunity for students to engage with Student Government Association/InterClub Council.,7
412,41,Social with Student,2025-12-16,11:00,A great opportunity for students to engage with Student Government Association/InterClub Council.,24
413,41,Fundraiser with Student,2026-01-28,12:30,A great opportunity for students to engage with Student Government Association/InterClub Council.,9
414,41,Speaker Night with Student,2026-02-18,12:00,A great opportunity for students to engage with Student Government Association/InterClub Council.,19
415,41,Social with Student,2026-04-05,14:00,A great opportunity for students to engage with Student Government Association/InterClub Council.,16
416,42,Fundraiser with Student,2022-05-24,15:30,A great opportunity for students to engage with Student Health Information Management Association (SHIMA).,26
417,42,Game Night with Student,2022-09-27,16:00,A great opportunity for students to engage with Student Health Information Management Association (SHIMA).,6
418,42,Game Night with Student,2022-11-06,11:30,A great opportunity for students to engage with Student Health Information Management Association (SHIMA).,16
419,42,Hackathon with Student,2023-03-05,16:30,A great opportunity for students to engage with Student Health Information Management Association (SHIMA).,27
420,42,Game Night with Student,2023-03-30,15:00,A great opportunity for students to engage with Student Health Information Management Association (SHIMA).,14
421,42,Community Outreach with Student,2023-04-10,10:30,A great opportunity for students to engage with Student Health Information Management Association (SHIMA).,3
422,42,Fundraiser with Student,2023-06-15,14:00,A great opportunity for students to engage with Student Health Information Management Association (SHIMA).,30
423,42,Game Night with Student,2023-09-12,11:30,A great opportunity for students to engage with Student Health Information Management Association (SHIMA).,20
424,42,Study Session with Student,2024-05-10,15:30,A great opportunity for students to engage with Student Health Information Management Association (SHIMA).,17
425,42,Community Outreach with Student,2024-07-02,12:30,A great opportunity for students to engage with Student Health Information Management Association (SHIMA).,34
426,42,Community Outreach with Student,2024-08-24,10:00,A great opportunity for students to engage with Student Health Information Management Association (SHIMA).,8
427,42,Workshop with Student,2025-02-04,15:00,A great opportunity for students to engage with Student Health Information Management Association (SHIMA).,22
428,42,Game Night with Student,2025-07-08,17:30,A great opportunity for students to engage with Student Health Information Management Association (SHIMA).,13
429,42,Meet & Greet with Student,2025-09-22,11:30,A great opportunity for students to engage with Student Health Information Management Association (SHIMA).,9
430,42,Fundraiser with Student,2025-10-19,13:30,A great opportunity for students to engage with Student Health Information Management Association (SHIMA).,18
431,42,Workshop with Student,2025-10-24,11:00,A great opportunity for students to engage with Student Health Information Management Association (SHIMA).,13
432,42,Study Session with Student,2026-01-29,15:30,A great opportunity for students to engage with Student Health Information Management Association (SHIMA).,21
433,42,Guest Lecture with Student,2026-04-19,12:30,A great opportunity for students to engage with Student Health Information Management Association (SHIMA).,9
434,42,Hackathon with Student,2026-06-22,14:00,A great opportunity for students to engage with Student Health Information Management Association (SHIMA).,29
435,43,Hackathon with Student,2022-10-06,18:00,A great opportunity for students to engage with Student Nurse Association (SNA).,6
436,43,Study Session with Student,2023-02-04,17:00,A great opportunity for students to engage with Student Nurse Association (SNA).,29
437,43,Workshop with Student,2023-07-09,10:00,A great opportunity for students to engage with Student Nurse Association (SNA).,16
438,43,Hackathon with Student,2024-01-24,12:30,A great opportunity for students to engage with Student Nurse Association (SNA).,1
439,43,Fundraiser with Student,2024-08-23,18:00,A great opportunity for students to engage with Student Nurse Association (SNA).,18
440,43,Game Night with Student,2024-09-15,17:30,A great opportunity for students to engage with Student Nurse Association (SNA).,19
441,43,Speaker Night with Student,2024-12-08,18:00,A great opportunity for students to engage with Student Nurse Association (SNA).,9
442,43,Hackathon with Student,2025-02-22,11:00,A great opportunity for students to engage with Student Nurse Association (SNA).,26
443,44,Workshop with Student,2022-05-01,10:00,A great opportunity for students to engage with Student Occupational Therapy Assistant Club (SOTA).,9
444,44,Guest Lecture with Student,2022-05-25,16:30,A great opportunity for students to engage with Student Occupational Therapy Assistant Club (SOTA).,21
445,44,Speaker Night with Student,2022-08-28,11:30,A great opportunity for students to engage with Student Occupational Therapy Assistant Club (SOTA).,20
446,44,Guest Lecture with Student,2023-02-12,17:00,A great opportunity for students to engage with Student Occupational Therapy Assistant Club (SOTA).,12
447,44,Fundraiser with Student,2023-08-10,13:30,A great opportunity for students to engage with Student Occupational Therapy Assistant Club (SOTA).,26
448,44,Social with Student,2023-11-02,18:00,A great opportunity for students to engage with Student Occupational Therapy Assistant Club (SOTA).,8
449,44,Hackathon with Student,2024-01-12,12:30,A great opportunity for students to engage with Student Occupational Therapy Assistant Club (SOTA).,3
450,44,Meet & Greet with Student,2024-03-02,11:00,A great opportunity for students to engage with Student Occupational Therapy Assistant Club (SOTA).,23
451,44,Community Outreach with Student,2024-06-12,17:00,A great opportunity for students to engage with Student Occupational Therapy Assistant Club (SOTA).,24
452,44,Study Session with Student,2024-11-14,14:30,A great opportunity for students to engage with Student Occupational Therapy Assistant Club (SOTA).,12
453,44,Community Outreach with Student,2025-03-05,15:30,A great opportunity for students to engage with Student Occupational Therapy Assistant Club (SOTA).,25
454,44,Study Session with Student,2025-07-22,17:00,A great opportunity for students to engage with Student Occupational Therapy Assistant Club (SOTA).,15
455,44,Community Outreach with Student,2025-08-13,13:30,A great opportunity for students to engage with Student Occupational Therapy Assistant Club (SOTA).,19
456,44,Workshop with Student,2025-09-04,14:00,A great opportunity for students to engage with Student Occupational Therapy Assistant Club (SOTA).,27
457,44,Workshop with Student,2025-10-07,14:30,A great opportunity for students to engage with Student Occupational Therapy Assistant Club (SOTA).,26
458,44,Workshop with Student,2025-10-24,12:30,A great opportunity for students to engage with Student Occupational Therapy Assistant Club (SOTA).,20
459,44,Meet & Greet with Student,2025-12-25,10:30,A great opportunity for students to engage with Student Occupational Therapy Assistant Club (SOTA).,21
460,44,Hackathon with Student,2026-01-03,10:00,A great opportunity for students to engage with Student Occupational Therapy Assistant Club (SOTA).,17
461,44,Hackathon with Student,2026-01-26,17:00,A great opportunity for students to engage with Student Occupational Therapy Assistant Club (SOTA).,7
462,45,Fundraiser with Student,2022-06-27,10:30,A great opportunity for students to engage with Student Physical Therapist Assistant Club (SPTA).,35
463,45,Social with Student,2023-09-15,12:00,A great opportunity for students to engage with Student Physical Therapist Assistant Club (SPTA).,21
464,45,Fundraiser with Student,2024-07-23,10:30,A great opportunity for students to engage with Student Physical Therapist Assistant Club (SPTA).,36
465,45,Guest Lecture with Student,2025-02-26,17:30,A great opportunity for students to engage with Student Physical Therapist Assistant Club (SPTA).,7
466,45,Community Outreach with Student,2025-04-26,16:30,A great opportunity for students to engage with Student Physical Therapist Assistant Club (SPTA).,13
467,45,Meet & Greet with Student,2025-07-26,10:30,A great opportunity for students to engage with Student Physical Therapist Assistant Club (SPTA).,16
468,45,Community Outreach with Student,2025-11-28,13:30,A great opportunity for students to engage with Student Physical Therapist Assistant Club (SPTA).,25
469,45,Meet & Greet with Student,2026-03-25,11:30,A great opportunity for students to engage with Student Physical Therapist Assistant Club (SPTA).,28
470,45,Meet & Greet with Student,2026-04-07,10:00,A great opportunity for students to engage with Student Physical Therapist Assistant Club (SPTA).,21
471,45,Meet & Greet with Student,2026-04-11,11:00,A great opportunity for students to engage with Student Physical Therapist Assistant Club (SPTA).,7
472,45,Study Session with Student,2026-04-15,18:30,A great opportunity for students to engage with Student Physical Therapist Assistant Club (SPTA).,2
473,45,Community Outreach with Student,2026-05-24,16:30,A great opportunity for students to engage with Student Physical Therapist Assistant Club (SPTA).,21
474,45,Community Outreach with Student,2026-05-26,14:30,A great opportunity for students to engage with Student Physical Therapist Assistant Club (SPTA).,14
475,45,Meet & Greet with Student,2026-06-07,14:30,A great opportunity for students to engage with Student Physical Therapist Assistant Club (SPTA).,12
